epoch,time,train/box_loss,train/cls_loss,train/dfl_loss,metrics/precision(B),metrics/recall(B),metrics/mAP50(B),metrics/mAP50-95(B),val/box_loss,val/cls_loss,val/dfl_loss,lr/pg0,lr/pg1,lr/pg2
1,14.8314,1.14175,2.25148,1.50989,0.86711,0.924,0.94397,0.72564,1.27027,0.85935,1.18526,0,0,0
2,28.7716,0.94877,2.46723,1.27576,0.82135,0.92058,0.94365,0.7257,1.27109,0.86243,1.18563,9.5438e-07,9.5438e-07,9.5438e-07
3,42.969,1.13954,3.81927,1.49646,0.81895,0.91394,0.94341,0.72523,1.27666,0.86247,1.18756,1.43752e-06,1.43752e-06,1.43752e-06
4,57.9072,1.05624,2.2247,1.2619,0.82397,0.90821,0.94532,0.70856,1.28105,0.86786,1.18801,1.44942e-06,1.44942e-06,1.44942e-06
